{
	"info": {
		"_postman_id": "ce28cfff-cbe4-4ffc-be5c-15d1e723cb96",
		"name": "ninesneakers",
		"schema": "https://schema.getpostman.com/json/collection/v2.1.0/collection.json",
		"_exporter_id": "21174179"
	},
	"item": [
		{
			"name": "customer-cart",
			"item": [
				{
					"name": "cart-add",
					"request": {
						"method": "POST",
						"header": [],
						"body": {
							"mode": "urlencoded",
							"urlencoded": [
								{
									"key": "customer_id",
									"value": "2",
									"type": "text"
								},
								{
									"key": "product_id",
									"value": "4",
									"type": "text"
								},
								{
									"key": "quantity",
									"value": "31",
									"type": "text"
								}
							]
						},
						"url": {
							"raw": "http://localhost/ninesneakers/api/costumer_chart/cart-add.php",
							"protocol": "http",
							"host": [
								"localhost"
							],
							"path": [
								"ninesneakers",
								"api",
								"costumer_chart",
								"cart-add.php"
							]
						}
					},
					"response": []
				},
				{
					"name": "cart-list",
					"request": {
						"method": "GET",
						"header": [],
						"url": {
							"raw": "http://localhost/ninesneakers/api/costumer_chart/cart-list.php",
							"protocol": "http",
							"host": [
								"localhost"
							],
							"path": [
								"ninesneakers",
								"api",
								"costumer_chart",
								"cart-list.php"
							]
						}
					},
					"response": []
				},
				{
					"name": "cart-details",
					"request": {
						"method": "GET",
						"header": [],
						"url": {
							"raw": "http://localhost/ninesneakers/api/costumer_chart/cart-details.php?id=2",
							"protocol": "http",
							"host": [
								"localhost"
							],
							"path": [
								"ninesneakers",
								"api",
								"costumer_chart",
								"cart-details.php"
							],
							"query": [
								{
									"key": "id",
									"value": "2"
								}
							]
						}
					},
					"response": []
				},
				{
					"name": "cart-edit",
					"request": {
						"method": "PUT",
						"header": [],
						"body": {
							"mode": "raw",
							"raw": "{\r\n    \"id\": \"2\",\r\n    \"customer_id\": \"2\",\r\n    \"product_id\": \"2\",\r\n    \"quantity\": \"100\"\r\n}",
							"options": {
								"raw": {
									"language": "json"
								}
							}
						},
						"url": {
							"raw": "http://localhost/ninesneakers/api/costumer_chart/cart-edit.php",
							"protocol": "http",
							"host": [
								"localhost"
							],
							"path": [
								"ninesneakers",
								"api",
								"costumer_chart",
								"cart-edit.php"
							]
						}
					},
					"response": []
				},
				{
					"name": "cart-delete-product",
					"protocolProfileBehavior": {
						"disableBodyPruning": true
					},
					"request": {
						"method": "GET",
						"header": [],
						"body": {
							"mode": "raw",
							"raw": "{\r\n    \"id\": \"2\",\r\n    \"customer_id\": \"2\",\r\n    \"product_id\": \"2\"\r\n}",
							"options": {
								"raw": {
									"language": "json"
								}
							}
						},
						"url": {
							"raw": "http://localhost/ninesneakers/api/costumer_chart/cart-delete-product.php?id=2&id_customer=2&id_product=3",
							"protocol": "http",
							"host": [
								"localhost"
							],
							"path": [
								"ninesneakers",
								"api",
								"costumer_chart",
								"cart-delete-product.php"
							],
							"query": [
								{
									"key": "id",
									"value": "2"
								},
								{
									"key": "id_customer",
									"value": "2"
								},
								{
									"key": "id_product",
									"value": "3"
								}
							]
						}
					},
					"response": []
				}
			]
		},
		{
			"name": "order-list",
			"item": [
				{
					"name": "order-add",
					"request": {
						"method": "POST",
						"header": [],
						"body": {
							"mode": "urlencoded",
							"urlencoded": [
								{
									"key": "customer_id",
									"value": "2",
									"type": "text"
								},
								{
									"key": "product_id",
									"value": "2",
									"type": "text"
								},
								{
									"key": "total_price",
									"value": "20000",
									"type": "text"
								},
								{
									"key": "payment_method",
									"value": "BCA",
									"type": "text"
								}
							]
						},
						"url": {
							"raw": "http://localhost/ninesneakers/api/order_list/order-add.php",
							"protocol": "http",
							"host": [
								"localhost"
							],
							"path": [
								"ninesneakers",
								"api",
								"order_list",
								"order-add.php"
							]
						}
					},
					"response": []
				},
				{
					"name": "order-list",
					"request": {
						"method": "GET",
						"header": [],
						"url": {
							"raw": "http://localhost/ninesneakers/api/order_list/order-list.php",
							"protocol": "http",
							"host": [
								"localhost"
							],
							"path": [
								"ninesneakers",
								"api",
								"order_list",
								"order-list.php"
							]
						}
					},
					"response": []
				},
				{
					"name": "order-details",
					"request": {
						"method": "GET",
						"header": [],
						"url": {
							"raw": "http://localhost/ninesneakers/api/order_list/order-details.php?id=3",
							"protocol": "http",
							"host": [
								"localhost"
							],
							"path": [
								"ninesneakers",
								"api",
								"order_list",
								"order-details.php"
							],
							"query": [
								{
									"key": "id",
									"value": "3"
								}
							]
						}
					},
					"response": []
				},
				{
					"name": "order-edit",
					"request": {
						"method": "PUT",
						"header": [],
						"body": {
							"mode": "raw",
							"raw": "{\r\n    \"id\": \"3\",\r\n    \"customer_id\": \"2\",\r\n    \"product_id\": \"2\",\r\n    \"total_price\": \"10000\",\r\n    \"payment_method\": \"BRI\"\r\n}",
							"options": {
								"raw": {
									"language": "json"
								}
							}
						},
						"url": {
							"raw": "http://localhost/ninesneakers/api/order_list/order-edit.php",
							"protocol": "http",
							"host": [
								"localhost"
							],
							"path": [
								"ninesneakers",
								"api",
								"order_list",
								"order-edit.php"
							]
						}
					},
					"response": []
				},
				{
					"name": "order-delete",
					"protocolProfileBehavior": {
						"disableBodyPruning": true
					},
					"request": {
						"method": "GET",
						"header": [],
						"body": {
							"mode": "raw",
							"raw": "{\r\n    \"id\": \"1\"\r\n}",
							"options": {
								"raw": {
									"language": "json"
								}
							}
						},
						"url": {
							"raw": "http://localhost/ninesneakers/api/order_list/order-delete.php",
							"protocol": "http",
							"host": [
								"localhost"
							],
							"path": [
								"ninesneakers",
								"api",
								"order_list",
								"order-delete.php"
							]
						}
					},
					"response": []
				}
			]
		},
		{
			"name": "users",
			"item": [
				{
					"name": "user-add",
					"request": {
						"method": "POST",
						"header": [],
						"body": {
							"mode": "urlencoded",
							"urlencoded": [
								{
									"key": "username",
									"value": "user10",
									"type": "text"
								},
								{
									"key": "email",
									"value": "user10@gmail.com",
									"type": "text"
								},
								{
									"key": "name",
									"value": "User 10",
									"type": "text"
								},
								{
									"key": "password",
									"value": "123",
									"type": "text"
								},
								{
									"key": "phone_number",
									"value": "0982726172625",
									"type": "text"
								}
							]
						},
						"url": {
							"raw": "http://localhost/ninesneakers/api/users/user-add.php",
							"protocol": "http",
							"host": [
								"localhost"
							],
							"path": [
								"ninesneakers",
								"api",
								"users",
								"user-add.php"
							]
						}
					},
					"response": []
				},
				{
					"name": "user-list",
					"request": {
						"method": "GET",
						"header": [],
						"url": {
							"raw": "http://localhost/ninesneakers/api/users/user-list.php",
							"protocol": "http",
							"host": [
								"localhost"
							],
							"path": [
								"ninesneakers",
								"api",
								"users",
								"user-list.php"
							]
						}
					},
					"response": []
				},
				{
					"name": "user-details",
					"request": {
						"method": "GET",
						"header": [],
						"url": {
							"raw": "http://localhost/ninesneakers/api/users/user-details.php?id=3",
							"protocol": "http",
							"host": [
								"localhost"
							],
							"path": [
								"ninesneakers",
								"api",
								"users",
								"user-details.php"
							],
							"query": [
								{
									"key": "id",
									"value": "3"
								}
							]
						}
					},
					"response": []
				},
				{
					"name": "user-edit",
					"request": {
						"method": "PUT",
						"header": [],
						"body": {
							"mode": "raw",
							"raw": "{\r\n    \"id\": \"3\",\r\n    \"username\": \"user11\",\r\n    \"email\": \"user11@gmail.com\",\r\n    \"name\": \"User 11\",\r\n    \"password\": \"12221213\",\r\n    \"phone_number\": \"982726172625\"\r\n}",
							"options": {
								"raw": {
									"language": "json"
								}
							}
						},
						"url": {
							"raw": "http://localhost/ninesneakers/api/users/user-edit.php",
							"protocol": "http",
							"host": [
								"localhost"
							],
							"path": [
								"ninesneakers",
								"api",
								"users",
								"user-edit.php"
							]
						}
					},
					"response": []
				},
				{
					"name": "user-delete",
					"protocolProfileBehavior": {
						"disableBodyPruning": true
					},
					"request": {
						"method": "GET",
						"header": [],
						"body": {
							"mode": "raw",
							"raw": "{\r\n    \"id\": \"1\"\r\n}",
							"options": {
								"raw": {
									"language": "json"
								}
							}
						},
						"url": {
							"raw": "http://localhost/ninesneakers/api/users/user-delete.php",
							"protocol": "http",
							"host": [
								"localhost"
							],
							"path": [
								"ninesneakers",
								"api",
								"users",
								"user-delete.php"
							]
						}
					},
					"response": []
				}
			]
		},
		{
			"name": "product",
			"item": [
				{
					"name": "product-add",
					"request": {
						"method": "POST",
						"header": [],
						"body": {
							"mode": "urlencoded",
							"urlencoded": [
								{
									"key": "brand_name",
									"value": "NIKE",
									"type": "text"
								},
								{
									"key": "product_name",
									"value": "ZeroSIX",
									"type": "text"
								},
								{
									"key": "size",
									"value": "43",
									"type": "text"
								},
								{
									"key": "price",
									"value": "1230000",
									"type": "text"
								},
								{
									"key": "color",
									"value": "black",
									"type": "text"
								},
								{
									"key": "description",
									"value": "libero enim sed faucibus turpis in eu mi bibendum neque",
									"type": "text"
								}
							]
						},
						"url": {
							"raw": "http://localhost/ninesneakers/api/product/product-add.php",
							"protocol": "http",
							"host": [
								"localhost"
							],
							"path": [
								"ninesneakers",
								"api",
								"product",
								"product-add.php"
							]
						}
					},
					"response": []
				},
				{
					"name": "product-list",
					"request": {
						"method": "GET",
						"header": [],
						"url": {
							"raw": "http://localhost/ninesneakers/api/product/product-list.php",
							"protocol": "http",
							"host": [
								"localhost"
							],
							"path": [
								"ninesneakers",
								"api",
								"product",
								"product-list.php"
							]
						}
					},
					"response": []
				},
				{
					"name": "product-details",
					"request": {
						"method": "GET",
						"header": [],
						"url": {
							"raw": "http://localhost/ninesneakers/api/product/product-details.php?id=4",
							"protocol": "http",
							"host": [
								"localhost"
							],
							"path": [
								"ninesneakers",
								"api",
								"product",
								"product-details.php"
							],
							"query": [
								{
									"key": "id",
									"value": "4"
								}
							]
						}
					},
					"response": []
				},
				{
					"name": "product-edit",
					"request": {
						"method": "PUT",
						"header": [],
						"body": {
							"mode": "raw",
							"raw": "{\r\n    \"id\": \"4\",\r\n    \"brand_name\": \"Nike\",\r\n    \"product_name\": \"Boost 360\",\r\n    \"price\": \"50000000\",\r\n    \"size\": \"42\",\r\n    \"color\": \"Putih\",\r\n    \"description\": \"nulla at volutpat diam ut venenatis tellus in metus vulputate\"\r\n}",
							"options": {
								"raw": {
									"language": "json"
								}
							}
						},
						"url": {
							"raw": "http://localhost/ninesneakers/api/product/product-edit.php",
							"protocol": "http",
							"host": [
								"localhost"
							],
							"path": [
								"ninesneakers",
								"api",
								"product",
								"product-edit.php"
							]
						}
					},
					"response": []
				},
				{
					"name": "product-delete",
					"protocolProfileBehavior": {
						"disableBodyPruning": true
					},
					"request": {
						"method": "GET",
						"header": [],
						"body": {
							"mode": "raw",
							"raw": "{\r\n    \"id\": \"3\"\r\n}",
							"options": {
								"raw": {
									"language": "json"
								}
							}
						},
						"url": {
							"raw": "http://localhost/ninesneakers/api/product/product-delete.php",
							"protocol": "http",
							"host": [
								"localhost"
							],
							"path": [
								"ninesneakers",
								"api",
								"product",
								"product-delete.php"
							]
						}
					},
					"response": []
				}
			]
		}
	]
}